{
  "dev": {
    "awscloudformation": {
      "AuthRoleName": "amplify-marble-dev-b168d-authRole",
      "UnauthRoleArn": "arn:aws:iam::637423361736:role/amplify-marble-dev-b168d-unauthRole",
      "AuthRoleArn": "arn:aws:iam::637423361736:role/amplify-marble-dev-b168d-authRole",
      "Region": "ap-south-1",
      "DeploymentBucketName": "amplify-marble-dev-b168d-deployment",
      "UnauthRoleName": "amplify-marble-dev-b168d-unauthRole",
      "StackName": "amplify-marble-dev-b168d",
      "StackId": "arn:aws:cloudformation:ap-south-1:637423361736:stack/amplify-marble-dev-b168d/3df742d0-a5d0-11ef-872b-0a77d06f8f4f",
      "AmplifyAppId": "d3vdadcdqyfcwp"
    },
    "categories": {
      "api": {
        "marble": {}
      },
      "auth": {
        "marblecb6dc163": {}
      },
      "storage": {
        "ProductImages": {}
      },
      "hosting": {
        "amplifyhosting": {
          "appId": "d3vdadcdqyfcwp",
          "type": "cicd"
        }
      }
    }
  }
}